VENUE_ID,NAME,CITY,VENUE_TYPE,IDENTITY_STATUS,LOCATION_STATUS,CONTACT_STATUS,CAPABILITY_STATUS,CAPACITY_STATUS,VISITED_BY_HAXR,HAXR_VERIFIED,HAXR_PARTNER,SOURCE_1,SOURCE_2,LAST_CHECKED,NOTES
THE_VENUE_MZ,The Venue MZ,Maputo,salao_eventos,true,true,true,A_CONFIRMAR,A_CONFIRMAR,false,false,false,Ficha comercial activa e directórios locais KaMavota,Presença comunitária e redes sociais activas (+258 84 321 8359),2026-09-07,Espaço de eventos em Albazine com salão coberto e área exterior de apoio; estimativas de 250 a 500 pax carecem de homologação arquitectónica e vistoria de gerador.
VILA_VERDE_MOZAL,Vila Verde Mozal,Matola,quinta_eventos,true,true,true,A_CONFIRMAR,A_CONFIRMAR,false,false,false,Registos societários BR e publicações comerciais locais,Casamento real associado Jéssica & Samuel (15-16 Ago 2026; mais de 300 convidados observados),2026-09-07,Espaço de eventos e banquetes na Estrada da Mozal; contactos 840489772/848696406; assistência observada de 300+ convidados não estabelece capacidade máxima regulamentar.
ALIANCA_EVENTOS,Aliança Eventos,Matola,salao_eventos,true,true,true,A_CONFIRMAR,A_CONFIRMAR,false,false,false,Directórios empresariais e registo Páginas Amarelas MZ,Perfil comercial e referências de vizinhança na Rua da Mozal (+258 82 479 0258),2026-09-07,Salão polivalente e serviços integrados em Matola-Rio; instalações climatizadas operacionais; capacidade pendente de planta técnica homologada.
EVELYN_EVENTOS,Evelyn Eventos,Maputo,salao_eventos,true,true,true,A_CONFIRMAR,A_CONFIRMAR,false,false,false,Directório de empresas de KaMavota e registo de salões (+258 84 021 2196),Casamento real associado Vânia & Fabião (Maio 2026; cerca de 250 convidados observados),2026-09-07,Salão fechado na Av. Cardeal Alexandre dos Santos em Albazine; assistência de cerca de 250 convidados observada; capacidade nominal e gerador a confirmar in situ.
CASA_D_ARTISTA_KUTENGA,Casa d'Artista Kutenga,Matola,espaco_cultural,true,true,true,A_CONFIRMAR,A_CONFIRMAR,false,false,false,Registos culturais da Província de Maputo e imprensa nacional (O País),Celebração tradicional de Lobolo Jéssica & Samuel (8 Ago 2026; cerca de 300 convidados observados),2026-09-07,Espaço cultural e artístico em Tchumeni I gerido pela artista Elvira Viegas; acolheu Lobolo com cerca de 300 convidados; capacidade técnica independente a homologar.
POLANA_SERENA_HOTEL,Polana Serena Hotel,Maputo,hotel_urbano,true,true,true,true,true,A_CONFIRMAR,false,false,Website oficial corporativo Serena Hotels (serenahotels.com/polana),Especificações oficiais de banquetes Serena Hotels (+258 21 241 700),2026-09-07,Hotel histórico na Av. Julius Nyerere (Polana); Salão Nobre com capacidade oficial de 250-300 pax banquete (mesas redondas) / 400 pax coquetel; geradores declarados pela gerência; VISITED_BY_HAXR despromovido para A_CONFIRMAR aguardando vistoria documental.
SOUTHERN_SUN_MAPUTO,Southern Sun Maputo,Maputo,hotel_urbano,true,true,true,true,true,false,false,false,Website oficial Tsogo Sun Hotels,Ficha técnica corporativa Tsogo Sun (+258 21 495 050),2026-09-07,Hotel à beira-mar na Av. Marginal 4016; capacidade técnica de 100 pax banquete (sala interna) e esplanada exterior até 100 pax; gerador com arranque automático declarado; rampas e elevadores nas áreas sociais declarados pela gerência (carece de homologação técnica in situ).
HOTEL_GLORIA_CCJC,Hotel Glória & CCJC,Maputo,centro_conferencias,true,true,true,true,true,false,false,false,Ficha oficial do complexo hoteleiro e centro de conferências,Registos de eventos públicos e institucionais na Marginal (+258 21 498 000),2026-09-07,Centro de congressos na Av. da Marginal 4441; salões modulares principais com capacidade técnica oficial de 500 a 1.000 pax sentados; subestação e gerador industrial declarados.
MONTEBELO_INDY_HOTEL,Montebelo Indy Maputo Congress Hotel,Maputo,hotel_urbano,true,true,true,true,A_CONFIRMAR,false,false,false,Website oficial Montebelo Hotels & Resorts,Directórios corporativos verificados de Maputo (+258 21 483 100),2026-09-07,Complexo hoteleiro na Sommerschield com salas de conferência e tendas em jardins; capacidade declarada de 150-800 pax pendente de homologação técnica por sala/área; gerador próprio declarado.
RADISSON_BLU_MAPUTO,Radisson Blu Hotel & Residence Maputo,Maputo,hotel_urbano,true,true,true,true,true,false,false,false,Website corporativo oficial Radisson Hotels (radissonhotels.com),Especificações técnicas de conferências e banquetes Radisson Blu Maputo (+258 21 24 24 00),2026-09-07,Hotel contemporâneo na Av. Marginal 141; Sala Zambeze com 253 m² com capacidade oficial de 160 pax sentados em banquete (mesas redondas) / 250 pax coquetel; gerador redundante e AVAC central declarados.
CATEMBE_GALLERY_HOTEL,Catembe Gallery Hotel,Maputo,resort_praia,true,true,true,true,A_CONFIRMAR,false,false,false,Ficha oficial de hotelaria e turismo da Catembe,Registos de eventos sociais com travessia via Ponte Maputo-Katembe (+258 21 380 041),2026-09-07,Espaço cénico na Rua do Búzio na Catembe; terraço panorâmico sobre a baía de Maputo; capacidade declarada de 80-200 pax carece de homologação por ambiente; gerador próprio declarado.
QUINTA_DA_STELA,Quinta da Stela,Matola,quinta_eventos,A_CONFIRMAR,A_CONFIRMAR,A_CONFIRMAR,A_CONFIRMAR,A_CONFIRMAR,false,false,false,Menções comerciais e registos de eventos particulares na Matola,Catálogo preliminar de espaços da Província de Maputo em mapeamento inicial,2026-09-07,Quinta campestre referenciada na região da Matola; identidade, localização e contactos dependem exclusivamente de directórios secundários (classificação: RESEARCH_ONLY).
CASTELO_EVENTOS,Castelo Eventos,Maputo,salao_eventos,A_CONFIRMAR,A_CONFIRMAR,A_CONFIRMAR,A_CONFIRMAR,A_CONFIRMAR,false,false,false,Directórios locais de salões em Albazine (KaMavota),Divulgações comunitárias em redes sociais de KaMavota,2026-09-07,Salão de eventos no corredor de Albazine; registo dependente exclusivamente de directórios secundários; requer localização cadastral e telefone directo (classificação: RESEARCH_ONLY).
QUINTA_NARO_EVENTOS,Quinta NARO Eventos,Matola,quinta_eventos,true,true,true,A_CONFIRMAR,A_CONFIRMAR,false,false,false,Página institucional e anúncios de aluguer de salão na Estrada da Mozal,Catálogo de espaços para eventos sociais na Matola-Rio (+258 87 020 5290),2026-09-07,Quinta para eventos sociais na Estrada da Mozal com relvados exteriores; contactos activos; capacidade de mesas e gerador a auditar no terreno (classificação: NEEDS_EXTERNAL_VERIFICATION).
NAMYLALA_EVENTOS,Namylala Eventos,Matola,salao_eventos,A_CONFIRMAR,true,A_CONFIRMAR,A_CONFIRMAR,A_CONFIRMAR,false,false,false,Registo comercial local em directórios da Matola,Referências de fornecedores no corredor da Mozal (Rua da Mozal),2026-09-07,Espaço de celebrações na Rua da Mozal; dependente de directórios secundários; identidade comercial formal e telefone directo de reservas a confirmar (classificação: RESEARCH_ONLY).
COMPLEXO_LOUANINE,Complexo Louanine,Maputo,salao_eventos,A_CONFIRMAR,true,A_CONFIRMAR,A_CONFIRMAR,A_CONFIRMAR,false,false,false,Directórios geográficos e empresariais de KaMavota,Mapeamento de salões de festas no Bairro de Albazine,2026-09-07,Complexo para celebrações sociais e casamentos em Albazine; dependente de directórios secundários; identidade comercial formal e telefone a confirmar (classificação: RESEARCH_ONLY).
